[{"id":1,"first_name":"Christal","last_name":"Embling","email":"cembling0@webmd.com","password":"4LTS9sr9"},
{"id":2,"first_name":"Derick","last_name":"Marcum","email":"dmarcum1@huffingtonpost.com","password":"B1vWWU"},
{"id":3,"first_name":"Emmalyn","last_name":"Masters","email":"emasters2@abc.net.au","password":"VwCYluVz"},
{"id":4,"first_name":"Hamish","last_name":"Sivior","email":"hsivior3@hatena.ne.jp","password":"VxQTez8EG"},
{"id":5,"first_name":"Krisha","last_name":"Wiggett","email":"kwiggett4@hubpages.com","password":"qRwyVBwXM8Jz"},
{"id":6,"first_name":"Theadora","last_name":"Dienes","email":"tdienes5@abc.net.au","password":"9BrZpwA"},
{"id":7,"first_name":"Erskine","last_name":"Fishpond","email":"efishpond6@ustream.tv","password":"dn11DQzV"},
{"id":8,"first_name":"Aurora","last_name":"Braisher","email":"abraisher7@salon.com","password":"A1tbYoEPCtTW"},
{"id":9,"first_name":"Kacie","last_name":"Greschik","email":"kgreschik8@twitter.com","password":"jfCrm3e"},
{"id":10,"first_name":"Jacky","last_name":"Lahy","email":"jlahy9@guardian.co.uk","password":"L9V2PX6ez6x"}]